-- INSERTS 
USE wheelHub_db;
--Marki 
INSERT INTO car_brands (name, created_at, updated_at) VALUES
    ('Toyota', CURRENT_TIMESTAMP, CURRENT_TIMESTAMP),
    ('Honda', CURRENT_TIMESTAMP, CURRENT_TIMESTAMP),
    ('Ford', CURRENT_TIMESTAMP, CURRENT_TIMESTAMP),
    ('Chevrolet', CURRENT_TIMESTAMP, CURRENT_TIMESTAMP),
    ('Volkswagen', CURRENT_TIMESTAMP, CURRENT_TIMESTAMP),
    ('Nissan', CURRENT_TIMESTAMP, CURRENT_TIMESTAMP),
    ('Hyundai', CURRENT_TIMESTAMP, CURRENT_TIMESTAMP),
    ('Kia', CURRENT_TIMESTAMP, CURRENT_TIMESTAMP),
    ('Mazda', CURRENT_TIMESTAMP, CURRENT_TIMESTAMP),
    ('Subaru', CURRENT_TIMESTAMP, CURRENT_TIMESTAMP),
    ('Peugeot', CURRENT_TIMESTAMP, CURRENT_TIMESTAMP),
    ('Renault', CURRENT_TIMESTAMP, CURRENT_TIMESTAMP),
    ('Fiat', CURRENT_TIMESTAMP, CURRENT_TIMESTAMP),
    ('Mercedes-Benz', CURRENT_TIMESTAMP, CURRENT_TIMESTAMP),
    ('BMW', CURRENT_TIMESTAMP, CURRENT_TIMESTAMP),
    ('Audi', CURRENT_TIMESTAMP, CURRENT_TIMESTAMP),
    ('Lexus', CURRENT_TIMESTAMP, CURRENT_TIMESTAMP),
    ('Land Rover', CURRENT_TIMESTAMP, CURRENT_TIMESTAMP),
    ('Jaguar', CURRENT_TIMESTAMP, CURRENT_TIMESTAMP),
    ('Tesla', CURRENT_TIMESTAMP, CURRENT_TIMESTAMP);

--MODELE
INSERT INTO car_models (id, name, brand_id, created_at, updated_at) VALUES
    (1, 'Camry', 1, CURRENT_TIMESTAMP, CURRENT_TIMESTAMP),
    (2, 'Corolla', 1, CURRENT_TIMESTAMP, CURRENT_TIMESTAMP),
    (3, 'Civic', 2, CURRENT_TIMESTAMP, CURRENT_TIMESTAMP),
    (4, 'Accord', 2, CURRENT_TIMESTAMP, CURRENT_TIMESTAMP),
    (5, 'F-150', 3, CURRENT_TIMESTAMP, CURRENT_TIMESTAMP),
    (6, 'Mustang', 3, CURRENT_TIMESTAMP, CURRENT_TIMESTAMP),
    (7, 'Silverado', 4, CURRENT_TIMESTAMP, CURRENT_TIMESTAMP),
    (8, 'Malibu', 4, CURRENT_TIMESTAMP, CURRENT_TIMESTAMP),
    (9, 'Golf', 5, CURRENT_TIMESTAMP, CURRENT_TIMESTAMP),
    (10, 'Passat', 5, CURRENT_TIMESTAMP, CURRENT_TIMESTAMP),
    (11, 'Altima', 6, CURRENT_TIMESTAMP, CURRENT_TIMESTAMP),
    (12, 'Maxima', 6, CURRENT_TIMESTAMP, CURRENT_TIMESTAMP),
    (13, 'Elantra', 7, CURRENT_TIMESTAMP, CURRENT_TIMESTAMP),
    (14, 'Sonata', 7, CURRENT_TIMESTAMP, CURRENT_TIMESTAMP),
    (15, 'Sportage', 8, CURRENT_TIMESTAMP, CURRENT_TIMESTAMP),
    (16, 'Sorento', 8, CURRENT_TIMESTAMP, CURRENT_TIMESTAMP),
    (17, 'CX-5', 9, CURRENT_TIMESTAMP, CURRENT_TIMESTAMP),
    (18, 'Mazda3', 9, CURRENT_TIMESTAMP, CURRENT_TIMESTAMP),
    (19, 'Outback', 10, CURRENT_TIMESTAMP, CURRENT_TIMESTAMP),
    (20, 'Forester', 10, CURRENT_TIMESTAMP, CURRENT_TIMESTAMP),
    (21, '208', 11, CURRENT_TIMESTAMP, CURRENT_TIMESTAMP),
    (22, '308', 11, CURRENT_TIMESTAMP, CURRENT_TIMESTAMP),
    (23, 'Clio', 12, CURRENT_TIMESTAMP, CURRENT_TIMESTAMP),
    (24, 'Captur', 12, CURRENT_TIMESTAMP, CURRENT_TIMESTAMP),
    (25, 'Panda', 13, CURRENT_TIMESTAMP, CURRENT_TIMESTAMP),
    (26, '500', 13, CURRENT_TIMESTAMP, CURRENT_TIMESTAMP),
    (27, 'C-Class', 14, CURRENT_TIMESTAMP, CURRENT_TIMESTAMP),
    (28, 'E-Class', 14, CURRENT_TIMESTAMP, CURRENT_TIMESTAMP),
    (29, '3 Series', 15, CURRENT_TIMESTAMP, CURRENT_TIMESTAMP),
    (30, '5 Series', 15, CURRENT_TIMESTAMP, CURRENT_TIMESTAMP),
    (31, 'A3', 16, CURRENT_TIMESTAMP, CURRENT_TIMESTAMP),
    (32, 'A4', 16, CURRENT_TIMESTAMP, CURRENT_TIMESTAMP),
    (33, 'ES', 17, CURRENT_TIMESTAMP, CURRENT_TIMESTAMP),
    (34, 'RX', 17, CURRENT_TIMESTAMP, CURRENT_TIMESTAMP),
    (35, 'Discovery', 18, CURRENT_TIMESTAMP, CURRENT_TIMESTAMP),
    (36, 'Defender', 18, CURRENT_TIMESTAMP, CURRENT_TIMESTAMP),
    (37, 'XE', 19, CURRENT_TIMESTAMP, CURRENT_TIMESTAMP),
    (38, 'F-PACE', 19, CURRENT_TIMESTAMP, CURRENT_TIMESTAMP),
    (39, 'Model S', 20, CURRENT_TIMESTAMP, CURRENT_TIMESTAMP),
    (40, 'Model 3', 20, CURRENT_TIMESTAMP, CURRENT_TIMESTAMP);
    
-- Samochody 
INSERT INTO cars (car_model_id, vin, register_number, available, rent_id, position_latitude, position_longitude, millage, color, img) VALUES 
(2, 'w660487647LnGisi', 'jt19489', TRUE, NULL, 27.17209511, -139.00071176, 19811, 'maroon', './favicon.png'),
(3, 'J578156593ECHqdZ', 'NF80160', TRUE, NULL, -65.56953415, -40.81104323, 215647, 'aqua', './favicon.png'),
(2, 'C351393328ffuGFg', 'vI48418', TRUE, NULL, -23.75450767, -48.14335043, 288369, 'navy', './favicon.png'),
(2, 'm719659342lcNQqE', 'fS11220', FALSE, NULL, 28.74908348, -178.98415004, 83948, 'white', './favicon.png'),
(4, 'C848339694FQPSYw', 'LO15917', FALSE, NULL, 41.36888429, 150.09348972, 149174, 'purple', './favicon.png'),
(10, 'd304135256gYjSoc', 'hO98910', TRUE, NULL, 82.92786841, -139.18926135, 185832, 'navy', './favicon.png'),
(1, 'T615109032hEnUZd', 'qe08691', TRUE, NULL, 26.33951517, -166.71187615, 152488, 'navy', './favicon.png'),
(4, 'g456208709SzmqwU', 'YR79230', TRUE, NULL, -6.03052655, 149.78067276, 31081, 'green', './favicon.png'),
(5, 'R584197207AKGtPw', 'DV64280', TRUE, NULL, -17.43419332, 148.83161569, 212363, 'maroon', './favicon.png'),
(2, 'R084237594wLONiT', 'Mm46610', TRUE, NULL, 30.3777449, -165.13991885, 238348, 'yellow', './favicon.png'),
(2, 'S233769606KAXQTc', 'CH27142', TRUE, NULL, 13.44562975, 62.34864617, 259080, 'white', './favicon.png'),
(8, 'Z890075470ZAmJOf', 'an20665', FALSE, NULL, -23.90068284, 60.36171585, 33871, 'black', './favicon.png'),
(10, 'S891319344lgEzOf', 'iP04714', FALSE, NULL, -39.63931212, -158.03067596, 122336, 'blue', './favicon.png'),
(2, 'u124000348xKcVSM', 'ln77658', FALSE, NULL, 56.03583055, 100.39295386, 36095, 'teal', './favicon.png'),
(2, 'X022455515Nccrkj', 'is94568', FALSE, NULL, 80.56156942, 49.63080107, 66543, 'maroon', './favicon.png'),
(3, 't304281465AggJEE', 'SF55171', TRUE, NULL, 18.74615521, 73.89871207, 1008, 'teal', './favicon.png'),
(6, 'm452296111Vodyag', 'FY68847', TRUE, NULL, 49.40088455, -76.0710488, 202065, 'silver', './favicon.png'),
(10, 'w615349263heSbHC', 'nP31764', FALSE, NULL, 21.4061311, 89.16342631, 195697, 'black', './favicon.png'),
(4, 'g921376582MFjKzO', 'FO68757', TRUE, NULL, -16.82464479, 148.7119327, 81301, 'gray', './favicon.png'),
(6, 'j893055508qMYjyL', 'ce47118', TRUE, NULL, 27.96615828, 125.15545533, 253303, 'navy', './favicon.png'),
(10, 'G040752275yHGcKf', 'sI89163', FALSE, NULL, -11.4553182, -130.89645299, 17659, 'white', './favicon.png'),
(4, 'G769930024KqveFq', 'kP46660', TRUE, NULL, -13.45307687, -39.84166148, 132990, 'white', './favicon.png'),
(9, 'M345007627TfRSjZ', 'yD56097', TRUE, NULL, 34.54079616, 30.69369196, 148428, 'black', './favicon.png'),
(7, 'S720099251JPwmyY', 'NO71097', TRUE, NULL, -60.94457515, 115.8043251, 102108, 'white', './favicon.png'),
(2, 'c194264183YzCxWm', 'Fq75100', TRUE, NULL, 70.02185901, 174.91835316, 102461, 'white', './favicon.png'),
(5, 'G899331886thjBKB', 'AX11611', TRUE, NULL, 52.77094151, 90.51720845, 98860, 'green', './favicon.png'),
(8, 'e766075415hwSbww', 'Mj20351', FALSE, NULL, 14.46218834, -9.43367795, 129443, 'navy', './favicon.png'),
(4, 'l310450932DhEwTq', 'Es20355', FALSE, NULL, -42.06217958, -4.4418073, 297578, 'olive', './favicon.png'),
(5, 'j291189426iZouGp', 'Qc32456', TRUE, NULL, 79.98522755, 65.7202415, 138789, 'aqua', './favicon.png'),
(10, 'A906112648VjLBtO', 'OH51375', FALSE, NULL, 29.34780765, 98.35578206, 231041, 'black', './favicon.png');

INSERT INTO users (
    username, password, last_login, user_config_id, first_name, last_name, email, gender, role_id, address_id, verified, active, driver_licence_number, driver_licence_date
    ) VALUES (
        'janNowak', '123frytki', '2024-10-08', 1, 'Jan', 'Nowak', 'janNowak@gmail.com', 1, 1, 1, true, true, 'PNF123DDR342E', '2030-01-01'
);
